{"cameraMode":{"drawMode":0,"name":"Shaded","section":"Shading Mode"},"sceneLighting":true,"audioPlay":false,"sceneViewState":{"m_AlwaysRefresh":false,"showFog":true,"showSkybox":true,"showFlares":true,"showImageEffects":true,"showParticleSystems":true,"showVisualEffectGraphs":true,"m_FxEnabled":true},"in2DMode":false,"pivot":{"x":615.3604736328125,"y":208.59585571289063,"z":-158.70712280273438},"rotation":{"x":0.053085677325725558,"y":0.00359195563942194,"z":-0.00017787473916541785,"w":0.9986147880554199},"size":281.1866760253906,"orthographic":true}