{"cameraMode":{"drawMode":0,"name":"Shaded","section":"Shading Mode"},"sceneLighting":true,"audioPlay":false,"sceneViewState":{"m_AlwaysRefresh":false,"showFog":true,"showSkybox":true,"showFlares":true,"showImageEffects":true,"showParticleSystems":true,"showVisualEffectGraphs":true,"m_FxEnabled":true},"in2DMode":false,"pivot":{"x":620.357177734375,"y":191.41685485839845,"z":13.838653564453125},"rotation":{"x":-0.011366983875632286,"y":0.0620545968413353,"z":0.0007393649430014193,"w":0.9980416893959045},"size":350.3363037109375,"orthographic":true}