{"cameraMode":{"drawMode":0,"name":"Shaded","section":"Shading Mode"},"sceneLighting":true,"audioPlay":false,"sceneViewState":{"m_AlwaysRefresh":false,"showFog":true,"showSkybox":true,"showFlares":true,"showImageEffects":true,"showParticleSystems":true,"showVisualEffectGraphs":true,"m_FxEnabled":true},"in2DMode":false,"pivot":{"x":559.5096435546875,"y":253.359619140625,"z":-146.47389221191407},"rotation":{"x":-0.0023901097010821106,"y":-0.030899550765752794,"z":-0.00006184211815707386,"w":0.9995497465133667},"size":303.08697509765627,"orthographic":true}